parameter,mean_result
{'C': 0.1},0.8089079271626947
{'C': 1},0.8077146818244431
{'C': 5},0.8074683308769398
{'C': 8},0.8074483985975333
{'C': 9},0.8074435840626135
{'C': 10},0.8074389042901151
{'C': 11},0.8074368978152686
{'C': 12},0.8074336889625819
{'C': 13},0.8074291431880498
{'C': 14},0.8074268707922186
{'C': 16},0.8074232596180095
{'C': 18},0.807420852787381
{'C': 20},0.8074177773866216
